insert into CITY (CITY_ID, NAME, URL) values (1, 'abilene', 'http://abilene.craigslist.org/');
insert into CITY (CITY_ID, NAME, URL) values (2, 'akron / canton', 'http://akroncanton.craigslist.org/');
insert into CITY (CITY_ID, NAME, URL) values (3, 'alaska', 'http://anchorage.craigslist.org/');
insert into CITY (CITY_ID, NAME, URL) values (4, 'albany', 'http://albany.craigslist.org/');
insert into CITY (CITY_ID, NAME, URL) values (5, 'albuquerque', 'http://albuquerque.craigslist.org/');
insert into CITY (CITY_ID, NAME, URL) values (6, 'altoona-johnstown', 'http://altoona.craigslist.org/');
insert into CITY (CITY_ID, NAME, URL) values (7, 'amarillo', 'http://amarillo.craigslist.org/');
insert into CITY (CITY_ID, NAME, URL) values (8, 'ames, IA', 'http://ames.craigslist.org/');
insert into CITY (CITY_ID, NAME, URL) values (9, 'ann arbor', 'http://annarbor.craigslist.org/');
insert into CITY (CITY_ID, NAME, URL) values (10, 'annapolis', 'http://annapolis.craigslist.org/');
insert into CITY (CITY_ID, NAME, URL) values (11, 'appleton-oshkosh-FDL', 'http://appleton.craigslist.org/');
insert into CITY (CITY_ID, NAME, URL) values (12, 'asheville', 'http://asheville.craigslist.org/');
insert into CITY (CITY_ID, NAME, URL) values (13, 'athens, GA', 'http://athensga.craigslist.org/');
insert into CITY (CITY_ID, NAME, URL) values (14, 'athens, OH', 'http://athensohio.craigslist.org/');
insert into CITY (CITY_ID, NAME, URL) values (15, 'atlanta', 'http://atlanta.craigslist.org/');
insert into CITY (CITY_ID, NAME, URL) values (16, 'auburn', 'http://auburn.craigslist.org/');
insert into CITY (CITY_ID, NAME, URL) values (17, 'augusta', 'http://augusta.craigslist.org/');
insert into CITY (CITY_ID, NAME, URL) values (18, 'austin', 'http://austin.craigslist.org/');
insert into CITY (CITY_ID, NAME, URL) values (19, 'bakersfield', 'http://bakersfield.craigslist.org/');
insert into CITY (CITY_ID, NAME, URL) values (20, 'baltimore', 'http://baltimore.craigslist.org/');
insert into CITY (CITY_ID, NAME, URL) values (21, 'baton rouge', 'http://batonrouge.craigslist.org/');
insert into CITY (CITY_ID, NAME, URL) values (22, 'beaumont / port arthur', 'http://beaumont.craigslist.org/');
insert into CITY (CITY_ID, NAME, URL) values (23, 'bellingham', 'http://bellingham.craigslist.org/');
insert into CITY (CITY_ID, NAME, URL) values (24, 'bend', 'http://bend.craigslist.org/');
insert into CITY (CITY_ID, NAME, URL) values (25, 'binghamton', 'http://binghamton.craigslist.org/');
insert into CITY (CITY_ID, NAME, URL) values (26, 'birmingham, AL', 'http://bham.craigslist.org/');
insert into CITY (CITY_ID, NAME, URL) values (27, 'blacksburg', 'http://blacksburg.craigslist.org/');
insert into CITY (CITY_ID, NAME, URL) values (28, 'bloomington', 'http://bloomington.craigslist.org/');
insert into CITY (CITY_ID, NAME, URL) values (29, 'bloomington-normal', 'http://bn.craigslist.org/');
insert into CITY (CITY_ID, NAME, URL) values (30, 'boise', 'http://boise.craigslist.org/');
insert into CITY (CITY_ID, NAME, URL) values (31, 'boone', 'http://boone.craigslist.org/');
insert into CITY (CITY_ID, NAME, URL) values (32, 'boston', 'http://boston.craigslist.org/');
insert into CITY_AREA (CITY_AREA_ID, NAME, EXTERNAL_NAME, CITY_ID) values (1, 'boston/camb/brook', 'gbs', 32);
insert into CITY_AREA (CITY_AREA_ID, NAME, EXTERNAL_NAME, CITY_ID) values (2, 'northwest/merrimack', 'nwb', 32);
insert into CITY_AREA (CITY_AREA_ID, NAME, EXTERNAL_NAME, CITY_ID) values (3, 'metro west', 'bmw', 32);
insert into CITY_AREA (CITY_AREA_ID, NAME, EXTERNAL_NAME, CITY_ID) values (4, 'north shore', 'nos', 32);
insert into CITY_AREA (CITY_AREA_ID, NAME, EXTERNAL_NAME, CITY_ID) values (5, 'south shore', 'sob', 32);

insert into CITY (CITY_ID, NAME, URL) values (33, 'boulder', 'http://boulder.craigslist.org/');
insert into CITY (CITY_ID, NAME, URL) values (34, 'bowling green', 'http://bgky.craigslist.org/');
insert into CITY (CITY_ID, NAME, URL) values (35, 'brownsville', 'http://brownsville.craigslist.org/');
insert into CITY (CITY_ID, NAME, URL) values (36, 'brunswick, GA', 'http://brunswick.craigslist.org/');
insert into CITY (CITY_ID, NAME, URL) values (37, 'buffalo', 'http://buffalo.craigslist.org/');
insert into CITY (CITY_ID, NAME, URL) values (38, 'cape cod / islands', 'http://capecod.craigslist.org/');
insert into CITY (CITY_ID, NAME, URL) values (39, 'carbondale', 'http://carbondale.craigslist.org/');
insert into CITY (CITY_ID, NAME, URL) values (40, 'catskills', 'http://catskills.craigslist.org/');
insert into CITY (CITY_ID, NAME, URL) values (41, 'cedar rapids', 'http://cedarrapids.craigslist.org/');
insert into CITY (CITY_ID, NAME, URL) values (42, 'central NJ', 'http://cnj.craigslist.org/');
insert into CITY (CITY_ID, NAME, URL) values (43, 'central michigan', 'http://centralmich.craigslist.org/');
insert into CITY (CITY_ID, NAME, URL) values (44, 'champaign urbana', 'http://chambana.craigslist.org/');
insert into CITY (CITY_ID, NAME, URL) values (45, 'charleston, SC', 'http://charleston.craigslist.org/');
insert into CITY (CITY_ID, NAME, URL) values (46, 'charleston, WV', 'http://charlestonwv.craigslist.org/');
insert into CITY (CITY_ID, NAME, URL) values (47, 'charlotte', 'http://charlotte.craigslist.org/');
insert into CITY (CITY_ID, NAME, URL) values (48, 'charlottesville', 'http://charlottesville.craigslist.org/');
insert into CITY (CITY_ID, NAME, URL) values (49, 'chattanooga', 'http://chattanooga.craigslist.org/');
insert into CITY (CITY_ID, NAME, URL) values (50, 'chautauqua', 'http://chautauqua.craigslist.org/');
insert into CITY (CITY_ID, NAME, URL) values (51, 'chicago', 'http://chicago.craigslist.org/');
insert into CITY_AREA (CITY_AREA_ID, NAME, EXTERNAL_NAME, CITY_ID) values (6, 'city of chicago', 'chc', 51);
insert into CITY_AREA (CITY_AREA_ID, NAME, EXTERNAL_NAME, CITY_ID) values (7, 'north chicagoland', 'nch', 51);
insert into CITY_AREA (CITY_AREA_ID, NAME, EXTERNAL_NAME, CITY_ID) values (8, 'west chicagoland', 'wcl', 51);
insert into CITY_AREA (CITY_AREA_ID, NAME, EXTERNAL_NAME, CITY_ID) values (9, 'south chicagoland', 'sox', 51);
insert into CITY_AREA (CITY_AREA_ID, NAME, EXTERNAL_NAME, CITY_ID) values (10, 'northwest indiana', 'nwi', 51);
insert into CITY_AREA (CITY_AREA_ID, NAME, EXTERNAL_NAME, CITY_ID) values (11, 'northwest suburbs', 'nwc', 51);

insert into CITY (CITY_ID, NAME, URL) values (52, 'chico', 'http://chico.craigslist.org/');
insert into CITY (CITY_ID, NAME, URL) values (53, 'cincinnati, OH', 'http://cincinnati.craigslist.org/');
insert into CITY (CITY_ID, NAME, URL) values (54, 'clarksville, TN', 'http://clarksville.craigslist.org/');
insert into CITY (CITY_ID, NAME, URL) values (55, 'cleveland', 'http://cleveland.craigslist.org/');
insert into CITY (CITY_ID, NAME, URL) values (56, 'college station', 'http://collegestation.craigslist.org/');
insert into CITY (CITY_ID, NAME, URL) values (57, 'colorado springs', 'http://cosprings.craigslist.org/');
insert into CITY (CITY_ID, NAME, URL) values (58, 'columbia / jeff city', 'http://columbiamo.craigslist.org/');
insert into CITY (CITY_ID, NAME, URL) values (59, 'columbia, SC', 'http://columbia.craigslist.org/');
insert into CITY (CITY_ID, NAME, URL) values (60, 'columbus', 'http://columbus.craigslist.org/');
insert into CITY (CITY_ID, NAME, URL) values (61, 'columbus, GA', 'http://columbusga.craigslist.org/');
insert into CITY (CITY_ID, NAME, URL) values (62, 'corpus christi', 'http://corpuschristi.craigslist.org/');
insert into CITY (CITY_ID, NAME, URL) values (63, 'corvallis/albany', 'http://corvallis.craigslist.org/');
insert into CITY (CITY_ID, NAME, URL) values (64, 'dallas / fort worth', 'http://dallas.craigslist.org/');
insert into CITY (CITY_ID, NAME, URL) values (65, 'danville', 'http://danville.craigslist.org/');
insert into CITY (CITY_ID, NAME, URL) values (66, 'dayton / springfield', 'http://dayton.craigslist.org/');
insert into CITY (CITY_ID, NAME, URL) values (67, 'daytona beach', 'http://daytona.craigslist.org/');
insert into CITY (CITY_ID, NAME, URL) values (68, 'decatur, IL', 'http://decatur.craigslist.org/');
insert into CITY (CITY_ID, NAME, URL) values (69, 'delaware', 'http://delaware.craigslist.org/');
insert into CITY (CITY_ID, NAME, URL) values (70, 'denver', 'http://denver.craigslist.org/');
insert into CITY (CITY_ID, NAME, URL) values (71, 'des moines', 'http://desmoines.craigslist.org/');
insert into CITY (CITY_ID, NAME, URL) values (72, 'detroit metro', 'http://detroit.craigslist.org/');
insert into CITY (CITY_ID, NAME, URL) values (73, 'dothan, AL', 'http://dothan.craigslist.org/');
insert into CITY (CITY_ID, NAME, URL) values (74, 'dubuque', 'http://dubuque.craigslist.org/');
insert into CITY (CITY_ID, NAME, URL) values (75, 'duluth / superior', 'http://duluth.craigslist.org/');
insert into CITY (CITY_ID, NAME, URL) values (76, 'east idaho', 'http://eastidaho.craigslist.org/');
insert into CITY (CITY_ID, NAME, URL) values (77, 'east oregon', 'http://eastoregon.craigslist.org/');
insert into CITY (CITY_ID, NAME, URL) values (78, 'eastern CT', 'http://newlondon.craigslist.org/');
insert into CITY (CITY_ID, NAME, URL) values (79, 'eastern NC', 'http://eastnc.craigslist.org/');
insert into CITY (CITY_ID, NAME, URL) values (80, 'eastern shore', 'http://easternshore.craigslist.org/');
insert into CITY (CITY_ID, NAME, URL) values (81, 'eau claire', 'http://eauclaire.craigslist.org/');
insert into CITY (CITY_ID, NAME, URL) values (82, 'el paso', 'http://elpaso.craigslist.org/');
insert into CITY (CITY_ID, NAME, URL) values (83, 'elmira-corning', 'http://elmira.craigslist.org/');
insert into CITY (CITY_ID, NAME, URL) values (84, 'erie, PA', 'http://erie.craigslist.org/');
insert into CITY (CITY_ID, NAME, URL) values (85, 'eugene', 'http://eugene.craigslist.org/');
insert into CITY (CITY_ID, NAME, URL) values (86, 'evansville', 'http://evansville.craigslist.org/');
insert into CITY (CITY_ID, NAME, URL) values (87, 'fargo / moorhead', 'http://fargo.craigslist.org/');
insert into CITY (CITY_ID, NAME, URL) values (88, 'farmington, NM', 'http://farmington.craigslist.org/');
insert into CITY (CITY_ID, NAME, URL) values (89, 'fayetteville', 'http://fayetteville.craigslist.org/');
insert into CITY (CITY_ID, NAME, URL) values (90, 'fayetteville, AR', 'http://fayar.craigslist.org/');
insert into CITY (CITY_ID, NAME, URL) values (91, 'flagstaff / sedona', 'http://flagstaff.craigslist.org/');
insert into CITY (CITY_ID, NAME, URL) values (92, 'flint', 'http://flint.craigslist.org/');
insert into CITY (CITY_ID, NAME, URL) values (93, 'florence / muscle shoals', 'http://shoals.craigslist.org/');
insert into CITY (CITY_ID, NAME, URL) values (94, 'florence, SC', 'http://florencesc.craigslist.org/');
insert into CITY (CITY_ID, NAME, URL) values (95, 'florida keys', 'http://keys.craigslist.org/');
insert into CITY (CITY_ID, NAME, URL) values (96, 'fort collins / north CO', 'http://fortcollins.craigslist.org/');
insert into CITY (CITY_ID, NAME, URL) values (97, 'fort lauderdale', 'http://fortlauderdale.craigslist.org/');
insert into CITY (CITY_ID, NAME, URL) values (98, 'fort smith, AR', 'http://fortsmith.craigslist.org/');
insert into CITY (CITY_ID, NAME, URL) values (99, 'fort wayne', 'http://fortwayne.craigslist.org/');
insert into CITY (CITY_ID, NAME, URL) values (100, 'fredericksburg', 'http://fredericksburg.craigslist.org/');
insert into CITY (CITY_ID, NAME, URL) values (101, 'fresno', 'http://fresno.craigslist.org/');
insert into CITY (CITY_ID, NAME, URL) values (102, 'ft myers / SW florida', 'http://fortmyers.craigslist.org/');
insert into CITY (CITY_ID, NAME, URL) values (103, 'gadsden-anniston', 'http://gadsden.craigslist.org/');
insert into CITY (CITY_ID, NAME, URL) values (104, 'gainesville', 'http://gainesville.craigslist.org/');
insert into CITY (CITY_ID, NAME, URL) values (105, 'galveston', 'http://galveston.craigslist.org/');
insert into CITY (CITY_ID, NAME, URL) values (106, 'gold country', 'http://goldcountry.craigslist.org/');
insert into CITY (CITY_ID, NAME, URL) values (107, 'grand island', 'http://grandisland.craigslist.org/');
insert into CITY (CITY_ID, NAME, URL) values (108, 'grand rapids', 'http://grandrapids.craigslist.org/');
insert into CITY (CITY_ID, NAME, URL) values (109, 'green bay', 'http://greenbay.craigslist.org/');
insert into CITY (CITY_ID, NAME, URL) values (110, 'greensboro', 'http://greensboro.craigslist.org/');
insert into CITY (CITY_ID, NAME, URL) values (111, 'greenville / upstate', 'http://greenville.craigslist.org/');
insert into CITY (CITY_ID, NAME, URL) values (112, 'gulfport / biloxi', 'http://gulfport.craigslist.org/');
insert into CITY (CITY_ID, NAME, URL) values (113, 'hampton roads', 'http://norfolk.craigslist.org/');
insert into CITY (CITY_ID, NAME, URL) values (114, 'harrisburg', 'http://harrisburg.craigslist.org/');
insert into CITY (CITY_ID, NAME, URL) values (115, 'harrisonburg', 'http://harrisonburg.craigslist.org/');
insert into CITY (CITY_ID, NAME, URL) values (116, 'hartford', 'http://hartford.craigslist.org/');
insert into CITY (CITY_ID, NAME, URL) values (117, 'hattiesburg', 'http://hattiesburg.craigslist.org/');
insert into CITY (CITY_ID, NAME, URL) values (118, 'hawaii', 'http://honolulu.craigslist.org/');
insert into CITY_AREA (CITY_AREA_ID, NAME, EXTERNAL_NAME, CITY_ID) values (12, 'oahu', 'oah', 118);
insert into CITY_AREA (CITY_AREA_ID, NAME, EXTERNAL_NAME, CITY_ID) values (13, 'big island', 'big', 118);
insert into CITY_AREA (CITY_AREA_ID, NAME, EXTERNAL_NAME, CITY_ID) values (14, 'maui', 'mau', 118);
insert into CITY_AREA (CITY_AREA_ID, NAME, EXTERNAL_NAME, CITY_ID) values (15, 'kauai', 'kau', 118);
insert into CITY_AREA (CITY_AREA_ID, NAME, EXTERNAL_NAME, CITY_ID) values (16, 'molokai', 'mol', 118);

insert into CITY (CITY_ID, NAME, URL) values (119, 'hickory / lenoir', 'http://hickory.craigslist.org/');
insert into CITY (CITY_ID, NAME, URL) values (120, 'hilton head', 'http://hiltonhead.craigslist.org/');
insert into CITY (CITY_ID, NAME, URL) values (121, 'houston', 'http://houston.craigslist.org/');
insert into CITY (CITY_ID, NAME, URL) values (122, 'hudson valley', 'http://hudsonvalley.craigslist.org/');
insert into CITY (CITY_ID, NAME, URL) values (123, 'humboldt county', 'http://humboldt.craigslist.org/');
insert into CITY (CITY_ID, NAME, URL) values (124, 'huntington-ashland', 'http://huntington.craigslist.org/');
insert into CITY (CITY_ID, NAME, URL) values (125, 'huntsville', 'http://huntsville.craigslist.org/');
insert into CITY (CITY_ID, NAME, URL) values (126, 'imperial county', 'http://imperial.craigslist.org/');
insert into CITY (CITY_ID, NAME, URL) values (127, 'indianapolis', 'http://indianapolis.craigslist.org/');
insert into CITY (CITY_ID, NAME, URL) values (128, 'inland empire', 'http://inlandempire.craigslist.org/');
insert into CITY (CITY_ID, NAME, URL) values (129, 'iowa city', 'http://iowacity.craigslist.org/');
insert into CITY (CITY_ID, NAME, URL) values (130, 'ithaca', 'http://ithaca.craigslist.org/');
insert into CITY (CITY_ID, NAME, URL) values (131, 'jackson, MI', 'http://jxn.craigslist.org/');
insert into CITY (CITY_ID, NAME, URL) values (132, 'jackson, MS', 'http://jackson.craigslist.org/');
insert into CITY (CITY_ID, NAME, URL) values (133, 'jackson, TN', 'http://jacksontn.craigslist.org/');
insert into CITY (CITY_ID, NAME, URL) values (134, 'jacksonville', 'http://jacksonville.craigslist.org/');
insert into CITY (CITY_ID, NAME, URL) values (135, 'janesville', 'http://janesville.craigslist.org/');
insert into CITY (CITY_ID, NAME, URL) values (136, 'jersey shore', 'http://jerseyshore.craigslist.org/');
insert into CITY (CITY_ID, NAME, URL) values (137, 'jonesboro', 'http://jonesboro.craigslist.org/');
insert into CITY (CITY_ID, NAME, URL) values (138, 'joplin', 'http://joplin.craigslist.org/');
insert into CITY (CITY_ID, NAME, URL) values (139, 'kalamazoo', 'http://kalamazoo.craigslist.org/');
insert into CITY (CITY_ID, NAME, URL) values (140, 'kansas city, MO', 'http://kansascity.craigslist.org/');
insert into CITY (CITY_ID, NAME, URL) values (141, 'kennewick-pasco-richland', 'http://kpr.craigslist.org/');
insert into CITY (CITY_ID, NAME, URL) values (142, 'kenosha-racine', 'http://racine.craigslist.org/');
insert into CITY (CITY_ID, NAME, URL) values (143, 'killeen / temple / ft hood', 'http://killeen.craigslist.org/');
insert into CITY (CITY_ID, NAME, URL) values (144, 'knoxville', 'http://knoxville.craigslist.org/');
insert into CITY (CITY_ID, NAME, URL) values (145, 'la crosse', 'http://lacrosse.craigslist.org/');
insert into CITY (CITY_ID, NAME, URL) values (146, 'lafayette', 'http://lafayette.craigslist.org/');
insert into CITY (CITY_ID, NAME, URL) values (147, 'lafayette / west lafayette', 'http://tippecanoe.craigslist.org/');
insert into CITY (CITY_ID, NAME, URL) values (148, 'lake charles', 'http://lakecharles.craigslist.org/');
insert into CITY (CITY_ID, NAME, URL) values (149, 'lakeland', 'http://lakeland.craigslist.org/');
insert into CITY (CITY_ID, NAME, URL) values (150, 'lancaster, PA', 'http://lancaster.craigslist.org/');
insert into CITY (CITY_ID, NAME, URL) values (151, 'lansing', 'http://lansing.craigslist.org/');
insert into CITY (CITY_ID, NAME, URL) values (152, 'laredo', 'http://laredo.craigslist.org/');
insert into CITY (CITY_ID, NAME, URL) values (153, 'las cruces', 'http://lascruces.craigslist.org/');
insert into CITY (CITY_ID, NAME, URL) values (154, 'las vegas', 'http://lasvegas.craigslist.org/');
insert into CITY (CITY_ID, NAME, URL) values (155, 'lawrence', 'http://lawrence.craigslist.org/');
insert into CITY (CITY_ID, NAME, URL) values (156, 'lawton', 'http://lawton.craigslist.org/');
insert into CITY (CITY_ID, NAME, URL) values (157, 'lehigh valley', 'http://allentown.craigslist.org/');
insert into CITY (CITY_ID, NAME, URL) values (158, 'lexington, KY', 'http://lexington.craigslist.org/');
insert into CITY (CITY_ID, NAME, URL) values (159, 'lima / findlay', 'http://limaohio.craigslist.org/');
insert into CITY (CITY_ID, NAME, URL) values (160, 'lincoln', 'http://lincoln.craigslist.org/');
insert into CITY (CITY_ID, NAME, URL) values (161, 'little rock', 'http://littlerock.craigslist.org/');
insert into CITY (CITY_ID, NAME, URL) values (162, 'logan', 'http://logan.craigslist.org/');
insert into CITY (CITY_ID, NAME, URL) values (163, 'long island', 'http://longisland.craigslist.org/');
insert into CITY (CITY_ID, NAME, URL) values (164, 'los angeles', 'http://losangeles.craigslist.org/');
insert into CITY_AREA (CITY_AREA_ID, NAME, EXTERNAL_NAME, CITY_ID) values (17, 'westside-southbay', 'wst', 164);
insert into CITY_AREA (CITY_AREA_ID, NAME, EXTERNAL_NAME, CITY_ID) values (18, 'SF valley', 'sfv', 164);
insert into CITY_AREA (CITY_AREA_ID, NAME, EXTERNAL_NAME, CITY_ID) values (19, 'central LA', 'lac', 164);
insert into CITY_AREA (CITY_AREA_ID, NAME, EXTERNAL_NAME, CITY_ID) values (20, 'san gabriel valley', 'sgv', 164);
insert into CITY_AREA (CITY_AREA_ID, NAME, EXTERNAL_NAME, CITY_ID) values (21, 'long beach / 562', 'lgb', 164);
insert into CITY_AREA (CITY_AREA_ID, NAME, EXTERNAL_NAME, CITY_ID) values (22, 'antelope valley', 'ant', 164);

insert into CITY (CITY_ID, NAME, URL) values (165, 'louisville', 'http://louisville.craigslist.org/');
insert into CITY (CITY_ID, NAME, URL) values (166, 'lubbock', 'http://lubbock.craigslist.org/');
insert into CITY (CITY_ID, NAME, URL) values (167, 'lynchburg', 'http://lynchburg.craigslist.org/');
insert into CITY (CITY_ID, NAME, URL) values (168, 'macon', 'http://macon.craigslist.org/');
insert into CITY (CITY_ID, NAME, URL) values (169, 'madison', 'http://madison.craigslist.org/');
insert into CITY (CITY_ID, NAME, URL) values (170, 'maine', 'http://maine.craigslist.org/');
insert into CITY (CITY_ID, NAME, URL) values (171, 'manhattan, KS', 'http://ksu.craigslist.org/');
insert into CITY (CITY_ID, NAME, URL) values (172, 'mankato', 'http://mankato.craigslist.org/');
insert into CITY (CITY_ID, NAME, URL) values (173, 'mansfield', 'http://mansfield.craigslist.org/');
insert into CITY (CITY_ID, NAME, URL) values (174, 'martinsburg', 'http://martinsburg.craigslist.org/');
insert into CITY (CITY_ID, NAME, URL) values (175, 'mcallen / edinburg', 'http://mcallen.craigslist.org/');
insert into CITY (CITY_ID, NAME, URL) values (176, 'medford-ashland-klamath', 'http://medford.craigslist.org/');
insert into CITY (CITY_ID, NAME, URL) values (177, 'memphis, TN', 'http://memphis.craigslist.org/');
insert into CITY (CITY_ID, NAME, URL) values (178, 'mendocino county', 'http://mendocino.craigslist.org/');
insert into CITY (CITY_ID, NAME, URL) values (179, 'merced', 'http://merced.craigslist.org/');
insert into CITY (CITY_ID, NAME, URL) values (180, 'miami', 'http://miami.craigslist.org/');
insert into CITY (CITY_ID, NAME, URL) values (181, 'milwaukee', 'http://milwaukee.craigslist.org/');
insert into CITY (CITY_ID, NAME, URL) values (182, 'minneapolis / st paul', 'http://minneapolis.craigslist.org/');
insert into CITY (CITY_ID, NAME, URL) values (183, 'mobile', 'http://mobile.craigslist.org/');
insert into CITY (CITY_ID, NAME, URL) values (184, 'modesto', 'http://modesto.craigslist.org/');
insert into CITY (CITY_ID, NAME, URL) values (185, 'mohave county', 'http://mohave.craigslist.org/');
insert into CITY (CITY_ID, NAME, URL) values (186, 'monroe, LA', 'http://monroe.craigslist.org/');
insert into CITY (CITY_ID, NAME, URL) values (187, 'montana', 'http://montana.craigslist.org/');
insert into CITY (CITY_ID, NAME, URL) values (188, 'monterey bay', 'http://monterey.craigslist.org/');
insert into CITY (CITY_ID, NAME, URL) values (189, 'montgomery', 'http://montgomery.craigslist.org/');
insert into CITY (CITY_ID, NAME, URL) values (190, 'morgantown', 'http://morgantown.craigslist.org/');
insert into CITY (CITY_ID, NAME, URL) values (191, 'muncie / anderson', 'http://muncie.craigslist.org/');
insert into CITY (CITY_ID, NAME, URL) values (192, 'muskegon', 'http://muskegon.craigslist.org/');
insert into CITY (CITY_ID, NAME, URL) values (193, 'myrtle beach', 'http://myrtlebeach.craigslist.org/');
insert into CITY (CITY_ID, NAME, URL) values (194, 'nashville', 'http://nashville.craigslist.org/');
insert into CITY (CITY_ID, NAME, URL) values (195, 'new hampshire', 'http://nh.craigslist.org/');
insert into CITY (CITY_ID, NAME, URL) values (196, 'new haven', 'http://newhaven.craigslist.org/');
insert into CITY (CITY_ID, NAME, URL) values (197, 'new orleans', 'http://neworleans.craigslist.org/');
insert into CITY (CITY_ID, NAME, URL) values (198, 'new york city', 'http://newyork.craigslist.org/');
insert into CITY_AREA (CITY_AREA_ID, NAME, EXTERNAL_NAME, CITY_ID) values (23, 'manhattan', 'mnh', 198);
insert into CITY_AREA (CITY_AREA_ID, NAME, EXTERNAL_NAME, CITY_ID) values (24, 'brooklyn', 'brk', 198);
insert into CITY_AREA (CITY_AREA_ID, NAME, EXTERNAL_NAME, CITY_ID) values (25, 'queens', 'que', 198);
insert into CITY_AREA (CITY_AREA_ID, NAME, EXTERNAL_NAME, CITY_ID) values (26, 'bronx', 'brx', 198);
insert into CITY_AREA (CITY_AREA_ID, NAME, EXTERNAL_NAME, CITY_ID) values (27, 'staten island', 'stn', 198);
insert into CITY_AREA (CITY_AREA_ID, NAME, EXTERNAL_NAME, CITY_ID) values (28, 'new jersey', 'jsy', 198);
insert into CITY_AREA (CITY_AREA_ID, NAME, EXTERNAL_NAME, CITY_ID) values (29, 'long island', 'lgi', 198);
insert into CITY_AREA (CITY_AREA_ID, NAME, EXTERNAL_NAME, CITY_ID) values (30, 'westchester', 'wch', 198);
insert into CITY_AREA (CITY_AREA_ID, NAME, EXTERNAL_NAME, CITY_ID) values (31, 'fairfield', 'fct', 198);


insert into CITY (CITY_ID, NAME, URL) values (199, 'north dakota', 'http://nd.craigslist.org/');
insert into CITY (CITY_ID, NAME, URL) values (200, 'north jersey', 'http://newjersey.craigslist.org/');
insert into CITY (CITY_ID, NAME, URL) values (201, 'north mississippi', 'http://northmiss.craigslist.org/');
insert into CITY (CITY_ID, NAME, URL) values (202, 'northern michigan', 'http://nmi.craigslist.org/');
insert into CITY (CITY_ID, NAME, URL) values (203, 'northwest CT', 'http://nwct.craigslist.org/');
insert into CITY (CITY_ID, NAME, URL) values (204, 'ocala', 'http://ocala.craigslist.org/');
insert into CITY (CITY_ID, NAME, URL) values (205, 'odessa / midland', 'http://odessa.craigslist.org/');
insert into CITY (CITY_ID, NAME, URL) values (206, 'ogden-clearfield', 'http://ogden.craigslist.org/');
insert into CITY (CITY_ID, NAME, URL) values (207, 'oklahoma city', 'http://oklahomacity.craigslist.org/');
insert into CITY (CITY_ID, NAME, URL) values (208, 'olympic peninsula', 'http://olympic.craigslist.org/');
insert into CITY (CITY_ID, NAME, URL) values (209, 'omaha / council bluffs', 'http://omaha.craigslist.org/');
insert into CITY (CITY_ID, NAME, URL) values (210, 'orange county', 'http://orangecounty.craigslist.org/');
insert into CITY (CITY_ID, NAME, URL) values (211, 'oregon coast', 'http://oregoncoast.craigslist.org/');
insert into CITY (CITY_ID, NAME, URL) values (212, 'orlando', 'http://orlando.craigslist.org/');
insert into CITY (CITY_ID, NAME, URL) values (213, 'outer banks', 'http://outerbanks.craigslist.org/');
insert into CITY (CITY_ID, NAME, URL) values (214, 'palm springs, CA', 'http://palmsprings.craigslist.org/');
insert into CITY (CITY_ID, NAME, URL) values (215, 'panama city, FL', 'http://panamacity.craigslist.org/');
insert into CITY (CITY_ID, NAME, URL) values (216, 'parkersburg-marietta', 'http://parkersburg.craigslist.org/');
insert into CITY (CITY_ID, NAME, URL) values (217, 'pensacola / panhandle', 'http://pensacola.craigslist.org/');
insert into CITY (CITY_ID, NAME, URL) values (218, 'peoria', 'http://peoria.craigslist.org/');
insert into CITY (CITY_ID, NAME, URL) values (219, 'philadelphia', 'http://philadelphia.craigslist.org/');
insert into CITY (CITY_ID, NAME, URL) values (220, 'phoenix', 'http://phoenix.craigslist.org/');
insert into CITY_AREA (CITY_AREA_ID, NAME, EXTERNAL_NAME, CITY_ID) values (32, 'phx north', 'nph', 220);
insert into CITY_AREA (CITY_AREA_ID, NAME, EXTERNAL_NAME, CITY_ID) values (33, 'central/south phx', 'cph', 220);
insert into CITY_AREA (CITY_AREA_ID, NAME, EXTERNAL_NAME, CITY_ID) values (34, 'west valley', 'wvl', 220);
insert into CITY_AREA (CITY_AREA_ID, NAME, EXTERNAL_NAME, CITY_ID) values (35, 'east valley', 'evl', 220);
insert into CITY (CITY_ID, NAME, URL) values (221, 'pittsburgh', 'http://pittsburgh.craigslist.org/');
insert into CITY (CITY_ID, NAME, URL) values (222, 'plattsburgh-adirondacks', 'http://plattsburgh.craigslist.org/');
insert into CITY (CITY_ID, NAME, URL) values (223, 'poconos', 'http://poconos.craigslist.org/');
insert into CITY (CITY_ID, NAME, URL) values (224, 'port huron', 'http://porthuron.craigslist.org/');
insert into CITY (CITY_ID, NAME, URL) values (225, 'portland, OR', 'http://portland.craigslist.org/');
insert into CITY_AREA (CITY_AREA_ID, NAME, EXTERNAL_NAME, CITY_ID) values (36, 'multnomah co', 'mlt', 225);
insert into CITY_AREA (CITY_AREA_ID, NAME, EXTERNAL_NAME, CITY_ID) values (37, 'washington co', 'wsc', 225);
insert into CITY_AREA (CITY_AREA_ID, NAME, EXTERNAL_NAME, CITY_ID) values (38, 'clark/cowlitz', 'clk', 225);
insert into CITY_AREA (CITY_AREA_ID, NAME, EXTERNAL_NAME, CITY_ID) values (39, 'clackamas co', 'clc', 225);
insert into CITY_AREA (CITY_AREA_ID, NAME, EXTERNAL_NAME, CITY_ID) values (40, 'north coast', 'nco', 225);
insert into CITY_AREA (CITY_AREA_ID, NAME, EXTERNAL_NAME, CITY_ID) values (41, 'yamhill co', 'yam', 225);
insert into CITY_AREA (CITY_AREA_ID, NAME, EXTERNAL_NAME, CITY_ID) values (42, 'columbia gorge', 'grg', 225);

insert into CITY (CITY_ID, NAME, URL) values (226, 'prescott', 'http://prescott.craigslist.org/');
insert into CITY (CITY_ID, NAME, URL) values (227, 'provo / orem', 'http://provo.craigslist.org/');
insert into CITY (CITY_ID, NAME, URL) values (228, 'pueblo', 'http://pueblo.craigslist.org/');
insert into CITY (CITY_ID, NAME, URL) values (229, 'pullman / moscow', 'http://pullman.craigslist.org/');
insert into CITY (CITY_ID, NAME, URL) values (230, 'quad cities, IA/IL', 'http://quadcities.craigslist.org/');
insert into CITY (CITY_ID, NAME, URL) values (231, 'raleigh / durham / CH', 'http://raleigh.craigslist.org/');
insert into CITY (CITY_ID, NAME, URL) values (232, 'reading', 'http://reading.craigslist.org/');
insert into CITY (CITY_ID, NAME, URL) values (233, 'redding', 'http://redding.craigslist.org/');
insert into CITY (CITY_ID, NAME, URL) values (234, 'reno / tahoe', 'http://reno.craigslist.org/');
insert into CITY (CITY_ID, NAME, URL) values (235, 'rhode island', 'http://providence.craigslist.org/');
insert into CITY (CITY_ID, NAME, URL) values (236, 'richmond', 'http://richmond.craigslist.org/');
insert into CITY (CITY_ID, NAME, URL) values (237, 'roanoke', 'http://roanoke.craigslist.org/');
insert into CITY (CITY_ID, NAME, URL) values (238, 'rochester, MN', 'http://rmn.craigslist.org/');
insert into CITY (CITY_ID, NAME, URL) values (239, 'rochester, NY', 'http://rochester.craigslist.org/');
insert into CITY (CITY_ID, NAME, URL) values (240, 'rockford', 'http://rockford.craigslist.org/');
insert into CITY (CITY_ID, NAME, URL) values (241, 'rocky mountains', 'http://rockies.craigslist.org/');
insert into CITY (CITY_ID, NAME, URL) values (242, 'roseburg', 'http://roseburg.craigslist.org/');
insert into CITY (CITY_ID, NAME, URL) values (243, 'roswell / carlsbad', 'http://roswell.craigslist.org/');
insert into CITY (CITY_ID, NAME, URL) values (244, 'sacramento', 'http://sacramento.craigslist.org/');
insert into CITY (CITY_ID, NAME, URL) values (245, 'saginaw-midland-baycity', 'http://saginaw.craigslist.org/');
insert into CITY (CITY_ID, NAME, URL) values (246, 'salem, OR', 'http://salem.craigslist.org/');
insert into CITY (CITY_ID, NAME, URL) values (247, 'salt lake city', 'http://saltlakecity.craigslist.org/');
insert into CITY (CITY_ID, NAME, URL) values (248, 'san antonio', 'http://sanantonio.craigslist.org/');
insert into CITY (CITY_ID, NAME, URL) values (249, 'san diego', 'http://sandiego.craigslist.org/');
insert into CITY_AREA (CITY_AREA_ID, NAME, EXTERNAL_NAME, CITY_ID) values (43, 'city of san diego', 'csd', 249);
insert into CITY_AREA (CITY_AREA_ID, NAME, EXTERNAL_NAME, CITY_ID) values (44, 'north SD county', 'nsd', 249);
insert into CITY_AREA (CITY_AREA_ID, NAME, EXTERNAL_NAME, CITY_ID) values (45, 'east SD county', 'esd', 249);
insert into CITY_AREA (CITY_AREA_ID, NAME, EXTERNAL_NAME, CITY_ID) values (46, 'south SD county', 'ssd', 249);

insert into CITY (CITY_ID, NAME, URL) values (250, 'san francisco bay area', 'http://sfbay.craigslist.org/');
insert into CITY_AREA (CITY_AREA_ID, NAME, EXTERNAL_NAME, CITY_ID) values (47, 'san francisco', 'sfc', 250);
insert into CITY_AREA (CITY_AREA_ID, NAME, EXTERNAL_NAME, CITY_ID) values (48, 'south bay', 'sby', 250);
insert into CITY_AREA (CITY_AREA_ID, NAME, EXTERNAL_NAME, CITY_ID) values (49, 'east bay', 'eby', 250);
insert into CITY_AREA (CITY_AREA_ID, NAME, EXTERNAL_NAME, CITY_ID) values (50, 'peninsula', 'pen', 250);
insert into CITY_AREA (CITY_AREA_ID, NAME, EXTERNAL_NAME, CITY_ID) values (51, 'north bay', 'nby', 250);

insert into CITY (CITY_ID, NAME, URL) values (251, 'san luis obispo', 'http://slo.craigslist.org/');
insert into CITY (CITY_ID, NAME, URL) values (252, 'san marcos', 'http://sanmarcos.craigslist.org/');
insert into CITY (CITY_ID, NAME, URL) values (253, 'sandusky', 'http://sandusky.craigslist.org/');
insert into CITY (CITY_ID, NAME, URL) values (254, 'santa barbara', 'http://santabarbara.craigslist.org/');
insert into CITY (CITY_ID, NAME, URL) values (255, 'santa fe / taos', 'http://santafe.craigslist.org/');
insert into CITY (CITY_ID, NAME, URL) values (256, 'sarasota-bradenton', 'http://sarasota.craigslist.org/');
insert into CITY (CITY_ID, NAME, URL) values (257, 'savannah', 'http://savannah.craigslist.org/');
insert into CITY (CITY_ID, NAME, URL) values (258, 'scranton / wilkes-barre', 'http://scranton.craigslist.org/');
insert into CITY (CITY_ID, NAME, URL) values (259, 'seattle-tacoma', 'http://seattle.craigslist.org/');
insert into CITY_AREA (CITY_AREA_ID, NAME, EXTERNAL_NAME, CITY_ID) values (52, 'seattle', 'see', 259);
insert into CITY_AREA (CITY_AREA_ID, NAME, EXTERNAL_NAME, CITY_ID) values (53, 'eastside', 'est', 259);
insert into CITY_AREA (CITY_AREA_ID, NAME, EXTERNAL_NAME, CITY_ID) values (54, 'snohomish co', 'sno', 259);
insert into CITY_AREA (CITY_AREA_ID, NAME, EXTERNAL_NAME, CITY_ID) values (55, 'kitsap co', 'kit', 259);
insert into CITY_AREA (CITY_AREA_ID, NAME, EXTERNAL_NAME, CITY_ID) values (56, 'tacoma', 'tac', 259);
insert into CITY_AREA (CITY_AREA_ID, NAME, EXTERNAL_NAME, CITY_ID) values (57, 'olympia', 'oly', 259);
insert into CITY_AREA (CITY_AREA_ID, NAME, EXTERNAL_NAME, CITY_ID) values (58, 'south king', 'skc', 259);

insert into CITY (CITY_ID, NAME, URL) values (260, 'sheboygan, WI', 'http://sheboygan.craigslist.org/');
insert into CITY (CITY_ID, NAME, URL) values (261, 'shreveport', 'http://shreveport.craigslist.org/');
insert into CITY (CITY_ID, NAME, URL) values (262, 'sierra vista', 'http://sierravista.craigslist.org/');
insert into CITY (CITY_ID, NAME, URL) values (263, 'sioux city, IA', 'http://siouxcity.craigslist.org/');
insert into CITY (CITY_ID, NAME, URL) values (264, 'skagit / island / SJI', 'http://skagit.craigslist.org/');
insert into CITY (CITY_ID, NAME, URL) values (265, 'south bend / michiana', 'http://southbend.craigslist.org/');
insert into CITY (CITY_ID, NAME, URL) values (266, 'south coast', 'http://southcoast.craigslist.org/');
insert into CITY (CITY_ID, NAME, URL) values (267, 'south dakota', 'http://sd.craigslist.org/');
insert into CITY (CITY_ID, NAME, URL) values (268, 'south jersey', 'http://southjersey.craigslist.org/');
insert into CITY (CITY_ID, NAME, URL) values (269, 'southeast missouri', 'http://semo.craigslist.org/');
insert into CITY (CITY_ID, NAME, URL) values (270, 'southern maryland', 'http://smd.craigslist.org/');
insert into CITY (CITY_ID, NAME, URL) values (271, 'southwest michigan', 'http://swmi.craigslist.org/');
insert into CITY (CITY_ID, NAME, URL) values (272, 'space coast', 'http://spacecoast.craigslist.org/');
insert into CITY (CITY_ID, NAME, URL) values (273, 'spokane / coeur d''alene', 'http://spokane.craigslist.org/');
insert into CITY (CITY_ID, NAME, URL) values (274, 'springfield, IL', 'http://springfieldil.craigslist.org/');
insert into CITY (CITY_ID, NAME, URL) values (275, 'springfield, MO', 'http://springfield.craigslist.org/');
insert into CITY (CITY_ID, NAME, URL) values (276, 'st augustine', 'http://staugustine.craigslist.org/');
insert into CITY (CITY_ID, NAME, URL) values (277, 'st cloud', 'http://stcloud.craigslist.org/');
insert into CITY (CITY_ID, NAME, URL) values (278, 'st george', 'http://stgeorge.craigslist.org/');
insert into CITY (CITY_ID, NAME, URL) values (279, 'st louis, MO', 'http://stlouis.craigslist.org/');
insert into CITY (CITY_ID, NAME, URL) values (280, 'state college', 'http://pennstate.craigslist.org/');
insert into CITY (CITY_ID, NAME, URL) values (281, 'stillwater', 'http://stillwater.craigslist.org/');
insert into CITY (CITY_ID, NAME, URL) values (282, 'stockton', 'http://stockton.craigslist.org/');
insert into CITY (CITY_ID, NAME, URL) values (283, 'syracuse', 'http://syracuse.craigslist.org/');
insert into CITY (CITY_ID, NAME, URL) values (284, 'tallahassee', 'http://tallahassee.craigslist.org/');
insert into CITY (CITY_ID, NAME, URL) values (285, 'tampa bay area', 'http://tampa.craigslist.org/');
insert into CITY (CITY_ID, NAME, URL) values (286, 'terre haute', 'http://terrahaute.craigslist.org/');
insert into CITY (CITY_ID, NAME, URL) values (287, 'texarkana', 'http://texarkana.craigslist.org/');
insert into CITY (CITY_ID, NAME, URL) values (288, 'toledo', 'http://toledo.craigslist.org/');
insert into CITY (CITY_ID, NAME, URL) values (289, 'topeka', 'http://topeka.craigslist.org/');
insert into CITY (CITY_ID, NAME, URL) values (290, 'treasure coast', 'http://treasure.craigslist.org/');
insert into CITY (CITY_ID, NAME, URL) values (291, 'tri-cities, TN', 'http://tricities.craigslist.org/');
insert into CITY (CITY_ID, NAME, URL) values (292, 'tucson', 'http://tucson.craigslist.org/');
insert into CITY (CITY_ID, NAME, URL) values (293, 'tulsa', 'http://tulsa.craigslist.org/');
insert into CITY (CITY_ID, NAME, URL) values (294, 'tuscaloosa', 'http://tuscaloosa.craigslist.org/');
insert into CITY (CITY_ID, NAME, URL) values (295, 'twin falls', 'http://twinfalls.craigslist.org/');
insert into CITY (CITY_ID, NAME, URL) values (296, 'tyler / east TX', 'http://easttexas.craigslist.org/');
insert into CITY (CITY_ID, NAME, URL) values (297, 'upper peninsula', 'http://up.craigslist.org/');
insert into CITY (CITY_ID, NAME, URL) values (298, 'utica', 'http://utica.craigslist.org/');
insert into CITY (CITY_ID, NAME, URL) values (299, 'valdosta', 'http://valdosta.craigslist.org/');
insert into CITY (CITY_ID, NAME, URL) values (300, 'ventura county', 'http://ventura.craigslist.org/');
insert into CITY (CITY_ID, NAME, URL) values (301, 'vermont', 'http://burlington.craigslist.org/');
insert into CITY (CITY_ID, NAME, URL) values (302, 'victoria, TX', 'http://victoriatx.craigslist.org/');
insert into CITY (CITY_ID, NAME, URL) values (303, 'visalia-tulare', 'http://visalia.craigslist.org/');
insert into CITY (CITY_ID, NAME, URL) values (304, 'waco', 'http://waco.craigslist.org/');
insert into CITY (CITY_ID, NAME, URL) values (305, 'washington, DC', 'http://washingtondc.craigslist.org/');
insert into CITY_AREA (CITY_AREA_ID, NAME, EXTERNAL_NAME, CITY_ID) values (59, 'district of columbia', 'doc', 305);
insert into CITY_AREA (CITY_AREA_ID, NAME, EXTERNAL_NAME, CITY_ID) values (60, 'northern virginia', 'nva', 305);
insert into CITY_AREA (CITY_AREA_ID, NAME, EXTERNAL_NAME, CITY_ID) values (61, 'maryland', 'mld', 305);


insert into CITY (CITY_ID, NAME, URL) values (306, 'waterloo / cedar falls', 'http://waterloo.craigslist.org/');
insert into CITY (CITY_ID, NAME, URL) values (307, 'watertown', 'http://watertown.craigslist.org/');
insert into CITY (CITY_ID, NAME, URL) values (308, 'wausau', 'http://wausau.craigslist.org/');
insert into CITY (CITY_ID, NAME, URL) values (309, 'wenatchee', 'http://wenatchee.craigslist.org/');
insert into CITY (CITY_ID, NAME, URL) values (310, 'west palm beach', 'http://westpalmbeach.craigslist.org/');
insert into CITY (CITY_ID, NAME, URL) values (311, 'west virginia (old)', 'http://wv.craigslist.org/');
insert into CITY (CITY_ID, NAME, URL) values (312, 'western KY', 'http://westky.craigslist.org/');
insert into CITY (CITY_ID, NAME, URL) values (313, 'western maryland', 'http://westmd.craigslist.org/');
insert into CITY (CITY_ID, NAME, URL) values (314, 'western massachusetts', 'http://westernmass.craigslist.org/');
insert into CITY (CITY_ID, NAME, URL) values (315, 'western slope', 'http://westslope.craigslist.org/');
insert into CITY (CITY_ID, NAME, URL) values (316, 'wheeling, WV', 'http://wheeling.craigslist.org/');
insert into CITY (CITY_ID, NAME, URL) values (317, 'wichita', 'http://wichita.craigslist.org/');
insert into CITY (CITY_ID, NAME, URL) values (318, 'wichita falls', 'http://wichitafalls.craigslist.org/');
insert into CITY (CITY_ID, NAME, URL) values (319, 'williamsport', 'http://williamsport.craigslist.org/');
insert into CITY (CITY_ID, NAME, URL) values (320, 'wilmington, NC', 'http://wilmington.craigslist.org/');
insert into CITY (CITY_ID, NAME, URL) values (321, 'winston-salem', 'http://winstonsalem.craigslist.org/');
insert into CITY (CITY_ID, NAME, URL) values (322, 'worcester / central MA', 'http://worcester.craigslist.org/');
insert into CITY (CITY_ID, NAME, URL) values (323, 'wyoming', 'http://wyoming.craigslist.org/');
insert into CITY (CITY_ID, NAME, URL) values (324, 'yakima', 'http://yakima.craigslist.org/');
insert into CITY (CITY_ID, NAME, URL) values (325, 'york, PA', 'http://york.craigslist.org/');
insert into CITY (CITY_ID, NAME, URL) values (326, 'youngstown', 'http://youngstown.craigslist.org/');
insert into CITY (CITY_ID, NAME, URL) values (327, 'yuba-sutter', 'http://yubasutter.craigslist.org/');
insert into CITY (CITY_ID, NAME, URL) values (328, 'yuma', 'http://yuma.craigslist.org/');

insert into category (category_id, name, external_name) values (1, 'community - artists', 'ats');
#insert into category (category_id, name, external_name) values (2, 'community - classes', 'cal/#classes');
insert into category (category_id, name, external_name) values (3, 'community - events', 'cal');
insert into category (category_id, name, external_name) values (4, 'community - general', 'com');
insert into category (category_id, name, external_name) values (5, 'community - groups', 'grp');
insert into category (category_id, name, external_name) values (6, 'community - pets', 'pet');
insert into category (category_id, name, external_name) values (7, 'community - politics', 'pol');
insert into category (category_id, name, external_name) values (8, 'community - childcare', 'kid');
insert into category (category_id, name, external_name) values (9, 'community - local news', 'vnn');
insert into category (category_id, name, external_name) values (10, 'community - lost+found', 'laf');
insert into category (category_id, name, external_name) values (11, 'community - musicians', 'muc');
insert into category (category_id, name, external_name) values (12, 'community - rideshare', 'rid');
insert into category (category_id, name, external_name) values (13, 'community - volunteers', 'vol');
insert into category (category_id, name, external_name) values (14, 'personals - strictly platonic', 'stp');
insert into category (category_id, name, external_name) values (15, 'personals - women seek women', 'w4w');
insert into category (category_id, name, external_name) values (16, 'personals - women seeking men', 'w4m');
insert into category (category_id, name, external_name) values (17, 'personals - men seeking women', 'm4w');
insert into category (category_id, name, external_name) values (18, 'personals - men seeking men', 'm4m');
insert into category (category_id, name, external_name) values (19, 'personals - misc romance', 'msr');
insert into category (category_id, name, external_name) values (20, 'personals - casual encounters', 'cas');
insert into category (category_id, name, external_name) values (21, 'personals - missed connections', 'mis');
insert into category (category_id, name, external_name) values (22, 'personals - rants and raves', 'rnr');
insert into category (category_id, name, external_name) values (23, 'housing - apts / housing', 'apa');
insert into category (category_id, name, external_name) values (24, 'housing - housing swap', 'swp');
insert into category (category_id, name, external_name) values (25, 'housing - housing wanted', 'hsw');
insert into category (category_id, name, external_name) values (26, 'housing - office / commercial', 'off');
insert into category (category_id, name, external_name) values (27, 'housing - parking / storage', 'prk');
insert into category (category_id, name, external_name) values (28, 'housing - real estate for sale', 'rfs');
insert into category (category_id, name, external_name) values (29, 'housing - rooms / shared', 'roo');
insert into category (category_id, name, external_name) values (30, 'housing - sublets / temporary', 'sub');
insert into category (category_id, name, external_name) values (31, 'housing - vacation rentals', 'vac');
insert into category (category_id, name, external_name) values (32, 'for sale - barter', 'bar');
insert into category (category_id, name, external_name) values (33, 'for sale - bikes', 'bik');
insert into category (category_id, name, external_name) values (34, 'for sale - boats', 'boa');
insert into category (category_id, name, external_name) values (35, 'for sale - books', 'bks');
insert into category (category_id, name, external_name) values (36, 'for sale - business', 'bfs');
insert into category (category_id, name, external_name) values (37, 'for sale - computer', 'sys');
insert into category (category_id, name, external_name) values (38, 'for sale - free', 'zip');
insert into category (category_id, name, external_name) values (39, 'for sale - general', 'for');
insert into category (category_id, name, external_name) values (40, 'for sale - jewelry', 'jwl');
insert into category (category_id, name, external_name) values (41, 'for sale - material', 'mat');
insert into category (category_id, name, external_name) values (42, 'for sale - rvs', 'rvs');
insert into category (category_id, name, external_name) values (43, 'for sale - sporting', 'spo');
insert into category (category_id, name, external_name) values (44, 'for sale - tickets', 'tix');
insert into category (category_id, name, external_name) values (45, 'for sale - tools', 'tls');
insert into category (category_id, name, external_name) values (46, 'for sale - wanted', 'wan');
insert into category (category_id, name, external_name) values (47, 'for sale - arts+crafts', 'art');
insert into category (category_id, name, external_name) values (48, 'for sale - auto parts', 'pts');
insert into category (category_id, name, external_name) values (49, 'for sale - baby+kids', 'bab');
insert into category (category_id, name, external_name) values (50, 'for sale - cars+trucks', 'car');
insert into category (category_id, name, external_name) values (51, 'for sale - cds/dvd/vhs', 'emd');
insert into category (category_id, name, external_name) values (52, 'for sale - clothes+acc', 'clo');
insert into category (category_id, name, external_name) values (53, 'for sale - collectibles', 'clt');
insert into category (category_id, name, external_name) values (54, 'for sale - electronics', 'ele');
insert into category (category_id, name, external_name) values (55, 'for sale - farm+garden', 'grd');
insert into category (category_id, name, external_name) values (56, 'for sale - furniture', 'fur');
insert into category (category_id, name, external_name) values (57, 'for sale - games+toys', 'tag');
insert into category (category_id, name, external_name) values (58, 'for sale - garage sale', 'gms');
insert into category (category_id, name, external_name) values (59, 'for sale - household', 'hsh');
insert into category (category_id, name, external_name) values (60, 'for sale - motorcycles', 'mcy');
insert into category (category_id, name, external_name) values (61, 'for sale - music instr', 'msg');
insert into category (category_id, name, external_name) values (62, 'for sale - photo+video', 'pho');
insert into category (category_id, name, external_name) values (63, 'services - beauty', 'bts');
insert into category (category_id, name, external_name) values (64, 'services - computer', 'cps');
insert into category (category_id, name, external_name) values (65, 'services - creative', 'crs');
insert into category (category_id, name, external_name) values (66, 'services - erotic', 'ers');
insert into category (category_id, name, external_name) values (67, 'services - event', 'evs');
insert into category (category_id, name, external_name) values (68, 'services - legal', 'lgs');
insert into category (category_id, name, external_name) values (69, 'services - lessons', 'lss');
insert into category (category_id, name, external_name) values (70, 'services - automotive', 'aos');
insert into category (category_id, name, external_name) values (71, 'services - financial', 'fns');
insert into category (category_id, name, external_name) values (72, 'services - household', 'hss');
insert into category (category_id, name, external_name) values (73, 'services - labor/move', 'lbs');
insert into category (category_id, name, external_name) values (74, 'services - real estate', 'rts');
insert into category (category_id, name, external_name) values (75, 'services - skill''d trade', 'sks');
insert into category (category_id, name, external_name) values (76, 'services - sm biz ads', 'biz');
insert into category (category_id, name, external_name) values (77, 'services - therapeutic', 'ths');
insert into category (category_id, name, external_name) values (78, 'services - travel/vac', 'trv');
insert into category (category_id, name, external_name) values (79, 'services - write/ed/tr8', 'wet');
insert into category (category_id, name, external_name) values (80, 'jobs - accounting+finance', 'acc');
insert into category (category_id, name, external_name) values (81, 'jobs - admin / office', 'ofc');
insert into category (category_id, name, external_name) values (82, 'jobs - arch / engineering', 'egr');
insert into category (category_id, name, external_name) values (83, 'jobs - art / media / design', 'med');
insert into category (category_id, name, external_name) values (84, 'jobs - biotech / science', 'sci');
insert into category (category_id, name, external_name) values (85, 'jobs - business / mgmt', 'bus');
insert into category (category_id, name, external_name) values (86, 'jobs - customer service', 'csr');
insert into category (category_id, name, external_name) values (87, 'jobs - education', 'edu');
insert into category (category_id, name, external_name) values (88, 'jobs - food / bev / hosp', 'fbh');
insert into category (category_id, name, external_name) values (89, 'jobs - general labor', 'lab');
insert into category (category_id, name, external_name) values (90, 'jobs - government', 'gov');
insert into category (category_id, name, external_name) values (91, 'jobs - human resources', 'hum');
insert into category (category_id, name, external_name) values (92, 'jobs - internet engineers', 'eng');
insert into category (category_id, name, external_name) values (93, 'jobs - legal  /  paralegal', 'lgl');
insert into category (category_id, name, external_name) values (94, 'jobs - manufacturing', 'mnu');
insert into category (category_id, name, external_name) values (95, 'jobs - marketing / pr / ad', 'mar');
insert into category (category_id, name, external_name) values (96, 'jobs - medical / health', 'hea');
insert into category (category_id, name, external_name) values (97, 'jobs - nonprofit sector', 'npo');
insert into category (category_id, name, external_name) values (98, 'jobs - real estate', 'rej');
insert into category (category_id, name, external_name) values (99, 'jobs - retail / wholesale', 'ret');
insert into category (category_id, name, external_name) values (100, 'jobs - sales / biz dev', 'sls');
insert into category (category_id, name, external_name) values (101, 'jobs - salon / spa / fitness', 'spa');
insert into category (category_id, name, external_name) values (102, 'jobs - security', 'sec');
insert into category (category_id, name, external_name) values (103, 'jobs - skilled trade / craft', 'trd');
insert into category (category_id, name, external_name) values (104, 'jobs - software / qa / dba', 'sof');
insert into category (category_id, name, external_name) values (105, 'jobs - systems / network', 'sad');
insert into category (category_id, name, external_name) values (106, 'jobs - technical support', 'tch');
insert into category (category_id, name, external_name) values (107, 'jobs - transport', 'trp');
insert into category (category_id, name, external_name) values (108, 'jobs - tv / film / video', 'tfr');
insert into category (category_id, name, external_name) values (109, 'jobs - web / info design', 'web');
insert into category (category_id, name, external_name) values (110, 'jobs - writing / editing', 'wri');
insert into category (category_id, name, external_name) values (111, 'jobs - etc', 'etc');
insert into category (category_id, name, external_name) values (112, 'jobs - part time', 'jjj?addFour=part-time');
insert into category (category_id, name, external_name) values (113, 'gigs - crew', 'cwg');
insert into category (category_id, name, external_name) values (114, 'gigs - event', 'evg');
insert into category (category_id, name, external_name) values (115, 'gigs - labor', 'lbg');
insert into category (category_id, name, external_name) values (116, 'gigs - computer', 'cpg');
insert into category (category_id, name, external_name) values (117, 'gigs - creative', 'crg');
insert into category (category_id, name, external_name) values (118, 'gigs - domestic', 'dmg');
insert into category (category_id, name, external_name) values (119, 'gigs - talent', 'tlg');
insert into category (category_id, name, external_name) values (120, 'gigs - writing', 'wrg');
insert into category (category_id, name, external_name) values (121, 'gigs - adult', 'adg');
insert into category (category_id, name, external_name) values (122, 'resumes', 'res');

-- preferences
insert into user_preferences (USER_PREFERENCES_ID, USERNAME, PASSWORD) values (1, 'larvell.jones@mac.com', 'cqopklm1');

insert into CITY_SUBSCRIPTION (CITY_SUBSCRIPTION_ID, USER_PREFERENCES_ID, SUBSCRIBED, FILTERED, CITY_ID) values (1, 1, 1, 0, 220);
insert into CITY_SUBSCRIPTION (CITY_SUBSCRIPTION_ID, USER_PREFERENCES_ID, SUBSCRIBED, FILTERED, CITY_ID) values (2, 1, 1, 0, 91);


insert into CATEGORY_SUBSCRIPTION (CATEGORY_SUBSCRIPTION_ID, USER_PREFERENCES_ID, SUBSCRIBED, FILTERED, CATEGORY_ID) values (1, 1, 1, 0, 16);


insert into MESSAGE_TEMPLATE (MESSAGE_TEMPLATE_ID, NAME, SUBJECT, FILES, MESSAGE, DEFAULT_CATEGORY_ID) values (1, 'Default', 'Re: %TITLE% (%CLID%)', '', 'Hi. How are you doin?
I''m 39yo, 5''9" tall and work as a software engineer. I''m a laid back guy that plays his guitar and sings  .. enjoys good company and watches tons of movies. I try to take care of myself and eat right and I''m looking for a cool girl that makes me laugh to spend some time with, get to know, make her smile a lot and then who knows?? I''m looking for someone that is honest, caring, warm and affectionate who can be either down to earth or a little crazy .. whatever the moment calls for, a good communicator with a nothing to hide attitude and an open heart and mind.

Here are a couple photos.  They are pretty recent..

What are you up to?  :)

-nick', 16);


insert into PREFERENCE (PREFERENCE_ID, NAME, VALUE, USER_PREFERENCES_ID) values (1, 'minAge', '0', 1);
insert into PREFERENCE (PREFERENCE_ID, NAME, VALUE, USER_PREFERENCES_ID) values (2, 'maxAge', '99', 1);
insert into PREFERENCE (PREFERENCE_ID, NAME, VALUE, USER_PREFERENCES_ID) values (14, 'citySearchTerm', 'flag', 1);
insert into PREFERENCE (PREFERENCE_ID, NAME, VALUE, USER_PREFERENCES_ID) values (15, 'bccEmailAddress', 'bolton.nick@gmail.com', 1);
insert into PREFERENCE (PREFERENCE_ID, NAME, VALUE, USER_PREFERENCES_ID) values (16, 'fromEmailAddress', 'larvell.jones@gmail.com', 1);
insert into PREFERENCE (PREFERENCE_ID, NAME, VALUE, USER_PREFERENCES_ID) values (17, 'smtpPassword', 'gqopklm1', 1);
insert into PREFERENCE (PREFERENCE_ID, NAME, VALUE, USER_PREFERENCES_ID) values (18, 'smtpPort', '465', 1);
insert into PREFERENCE (PREFERENCE_ID, NAME, VALUE, USER_PREFERENCES_ID) values (19, 'smtpAuth', 'true', 1);
insert into PREFERENCE (PREFERENCE_ID, NAME, VALUE, USER_PREFERENCES_ID) values (20, 'smtpUser', 'larvell.jones@gmail.com', 1);
insert into PREFERENCE (PREFERENCE_ID, NAME, VALUE, USER_PREFERENCES_ID) values (21, 'smtpServer', 'smtp.gmail.com', 1);
insert into PREFERENCE (PREFERENCE_ID, NAME, VALUE, USER_PREFERENCES_ID) values (22, 'searchTerm', '', 1);
